particle_id,frame_num,particle_num,time_stamp_s,ecd_um,area_pixels,perimeter,circularity,intensity_mean,intensity_std,intensity_min,intensity_max,max_feret_diam_um,aspect_ratio,x_left,x_right,y_top,y_bottom,edge_particle,experiment,step,type
341113,3,59,0.218,14.625,198,113.64,0.44,756.68,66.55,527,831,47.375,0.26,241,275,793,819,FALSE,MTB_20191021_Fiber,11 Fiber_5200-3196_191021-102741,fiber
341159,4,26,0.327,12.125,155,92.57,0.48,773.94,39.01,661,831,31.625,0.36,1253,1275,577,602,FALSE,MTB_20191021_Fiber,11 Fiber_5200-3196_191021-102741,fiber
341169,4,36,0.327,45.125,1162,283.42,0.43,468.73,239.61,45,831,84.625,0.44,1021,1086,707,758,FALSE,MTB_20191021_Fiber,11 Fiber_5200-3196_191021-102741,fiber
341228,5,29,0.436,32.375,661,147.1,0.62,539.25,206.54,119,912,61.625,0.29,1204,1241,531,574,FALSE,MTB_20191021_Fiber,11 Fiber_5200-3196_191021-102741,fiber
341710,12,25,1.201,11.125,139,69.63,0.6,748.45,77.89,500,831,27.375,0.26,832,858,557,565,FALSE,MTB_20191021_Fiber,11 Fiber_5200-3196_191021-102741,fiber
342404,25,31,2.62,24.875,432,114.08,0.65,399.38,247.91,38,831,52.125,0.23,52,95,583,604,FALSE,MTB_20191021_Fiber,11 Fiber_5200-3196_191021-102741,fiber
342437,26,5,2.729,14.125,188,78.11,0.62,676.2,141.25,275,830,27.625,0.36,363,388,70,81,FALSE,MTB_20191021_Fiber,11 Fiber_5200-3196_191021-102741,fiber
342575,28,16,2.948,12.125,153,62.77,0.7,682.95,106.9,438,827,23.125,0.34,1055,1073,192,210,FALSE,MTB_20191021_Fiber,11 Fiber_5200-3196_191021-102741,fiber
342672,29,50,3.057,10.625,131,67.21,0.6,719.5,88.56,434,831,29.875,0.2,908,918,928,954,FALSE,MTB_20191021_Fiber,11 Fiber_5200-3196_191021-102741,fiber
342754,31,18,3.275,19.625,296,106.36,0.57,660.58,123.81,343,831,50.375,0.18,726,768,671,684,FALSE,MTB_20191021_Fiber,11 Fiber_5200-3196_191021-102741,fiber
342884,33,37,3.494,19.625,300,156.95,0.39,749.96,78.7,491,831,51.375,0.55,1067,1103,827,858,FALSE,MTB_20191021_Fiber,11 Fiber_5200-3196_191021-102741,fiber
342887,33,40,3.494,12.375,156,117.23,0.38,799.99,23.34,729,831,48.375,0.14,1053,1095,847,859,FALSE,MTB_20191021_Fiber,11 Fiber_5200-3196_191021-102741,fiber
342908,34,11,3.603,13.875,181,81.94,0.58,726.54,88.99,468,831,30.125,0.29,665,693,95,104,FALSE,MTB_20191021_Fiber,11 Fiber_5200-3196_191021-102741,fiber
343162,38,47,4.04,13.125,170,64.36,0.72,727.68,92.56,448,856,18.125,0.67,455,474,989,1002,FALSE,MTB_20191021_Fiber,11 Fiber_5200-3196_191021-102741,fiber
343498,45,9,4.804,13.125,170,94.91,0.49,789.69,29.96,704,831,40.375,0.23,760,793,227,244,FALSE,MTB_20191021_Fiber,11 Fiber_5200-3196_191021-102741,fiber
343616,47,21,5.023,10.375,126,95.81,0.42,802.19,17.96,754,831,44.125,0.2,1064,1087,523,556,FALSE,MTB_20191021_Fiber,11 Fiber_5200-3196_191021-102741,fiber
343733,49,24,5.241,10.375,126,50.63,0.79,591.79,184.2,226,828,14.625,0.51,1256,1266,519,535,FALSE,MTB_20191021_Fiber,11 Fiber_5200-3196_191021-102741,fiber
343747,49,38,5.241,12.125,155,82.46,0.54,761.14,60.47,559,831,36.875,0.18,169,202,731,738,FALSE,MTB_20191021_Fiber,11 Fiber_5200-3196_191021-102741,fiber
343796,50,29,5.35,11.125,136,76.53,0.54,761.96,54.98,602,830,33.375,0.22,1109,1139,714,724,FALSE,MTB_20191021_Fiber,11 Fiber_5200-3196_191021-102741,fiber
343886,51,60,5.459,43.875,1106,171.75,0.69,455.56,237.36,63,1023,83.875,0.27,105,164,980,1022,FALSE,MTB_20191021_Fiber,11 Fiber_5200-3196_191021-102741,fiber
343940,52,51,5.569,51.375,1450,263.21,0.51,575.83,208.79,102,965,85.625,0.36,1180,1249,969,999,FALSE,MTB_20191021_Fiber,11 Fiber_5200-3196_191021-102741,fiber
343986,53,41,5.678,16.125,227,84.6,0.63,739.8,65.33,537,831,33.625,0.29,110,121,852,882,FALSE,MTB_20191021_Fiber,11 Fiber_5200-3196_191021-102741,fiber
344006,53,61,5.678,11.375,141,84.84,0.5,785.87,34.7,674,831,34.875,0.22,16,47,994,1006,FALSE,MTB_20191021_Fiber,11 Fiber_5200-3196_191021-102741,fiber
344051,54,38,5.787,14.375,192,96.43,0.51,737.8,106.08,319,831,34.375,0.33,213,242,693,715,FALSE,MTB_20191021_Fiber,11 Fiber_5200-3196_191021-102741,fiber
344136,55,60,5.896,13.125,169,97.98,0.47,757.91,63.32,567,831,31.125,0.45,294,322,936,953,FALSE,MTB_20191021_Fiber,11 Fiber_5200-3196_191021-102741,fiber
344356,59,45,6.333,29.625,573,150.44,0.56,475.61,250.13,53,831,57.625,0.38,1006,1030,816,863,FALSE,MTB_20191021_Fiber,11 Fiber_5200-3196_191021-102741,fiber
344630,65,4,6.988,11.875,148,59.7,0.72,590.95,192.9,185,831,21.125,0.39,617,638,75,85,FALSE,MTB_20191021_Fiber,11 Fiber_5200-3196_191021-102741,fiber
344866,69,36,7.425,17.875,258,120.12,0.47,747.02,69.94,513,831,53.125,0.21,501,530,811,849,FALSE,MTB_20191021_Fiber,11 Fiber_5200-3196_191021-102741,fiber
345023,71,69,7.643,11.875,150,81.43,0.53,737.44,72.12,570,831,34.875,0.26,459,489,895,908,FALSE,MTB_20191021_Fiber,11 Fiber_5200-3196_191021-102741,fiber
345147,73,33,7.862,14.625,199,76.01,0.66,662.14,128.28,288,831,23.625,0.58,626,648,416,433,FALSE,MTB_20191021_Fiber,11 Fiber_5200-3196_191021-102741,fiber
345177,73,63,7.862,22.375,362,103.15,0.65,513.3,238.87,79,831,31.125,0.71,1140,1168,979,1004,FALSE,MTB_20191021_Fiber,11 Fiber_5200-3196_191021-102741,fiber
345241,74,57,7.971,17.625,254,101.33,0.56,699.63,116.46,346,898,35.125,0.63,909,938,863,886,FALSE,MTB_20191021_Fiber,11 Fiber_5200-3196_191021-102741,fiber
345247,74,63,7.971,13.125,172,87.43,0.53,725.73,110.05,362,831,35.375,0.21,336,368,913,925,FALSE,MTB_20191021_Fiber,11 Fiber_5200-3196_191021-102741,fiber
345451,78,25,8.408,26.625,477,100.36,0.77,445.52,224.97,88,869,41.875,0.39,62,79,559,596,FALSE,MTB_20191021_Fiber,11 Fiber_5200-3196_191021-102741,fiber
345462,78,36,8.408,12.125,154,75.46,0.58,677.27,118.89,403,830,34.375,0.19,28,58,763,773,FALSE,MTB_20191021_Fiber,11 Fiber_5200-3196_191021-102741,fiber
345529,79,48,8.517,16.625,233,104.57,0.52,667.14,166.8,180,831,43.375,0.27,273,310,848,861,FALSE,MTB_20191021_Fiber,11 Fiber_5200-3196_191021-102741,fiber
345535,79,54,8.517,13.875,181,66.97,0.71,596.39,202.42,158,831,23.875,0.38,1048,1071,887,896,FALSE,MTB_20191021_Fiber,11 Fiber_5200-3196_191021-102741,fiber
345570,80,23,8.626,22.875,375,116.74,0.59,672.23,149.84,210,831,40.375,0.48,1188,1221,513,534,FALSE,MTB_20191021_Fiber,11 Fiber_5200-3196_191021-102741,fiber
345756,83,19,8.954,21.625,343,153.92,0.43,762.93,59.73,538,892,47.125,0.46,1065,1087,374,415,FALSE,MTB_20191021_Fiber,11 Fiber_5200-3196_191021-102741,fiber
345817,84,22,9.063,11.375,141,63.77,0.66,663.74,137.57,371,830,25.625,0.27,941,953,576,599,FALSE,MTB_20191021_Fiber,11 Fiber_5200-3196_191021-102741,fiber
345934,86,18,9.281,10.875,134,61.7,0.67,686.6,139.59,353,831,20.625,0.55,1071,1082,388,409,FALSE,MTB_20191021_Fiber,11 Fiber_5200-3196_191021-102741,fiber
345939,86,23,9.281,17.375,249,110.6,0.51,703.27,79.93,499,829,51.625,0.15,214,258,583,593,FALSE,MTB_20191021_Fiber,11 Fiber_5200-3196_191021-102741,fiber
346007,87,35,9.39,21.625,343,99.43,0.66,458.94,255.93,57,831,40.875,0.34,1201,1237,697,713,FALSE,MTB_20191021_Fiber,11 Fiber_5200-3196_191021-102741,fiber
346019,87,47,9.39,30.625,605,129.05,0.68,438.28,231.05,86,888,45.625,0.52,100,129,878,916,FALSE,MTB_20191021_Fiber,11 Fiber_5200-3196_191021-102741,fiber
346123,89,32,9.609,20.125,309,103.5,0.6,533.14,205.95,126,831,45.375,0.25,1150,1171,612,648,FALSE,MTB_20191021_Fiber,11 Fiber_5200-3196_191021-102741,fiber
346138,89,47,9.609,28.875,547,205.41,0.4,754.86,74.49,421,872,66.125,0.32,807,829,874,928,FALSE,MTB_20191021_Fiber,11 Fiber_5200-3196_191021-102741,fiber
346317,92,53,9.936,14.875,203,86.5,0.58,666.65,125.35,320,831,32.875,0.28,954,978,902,923,FALSE,MTB_20191021_Fiber,11 Fiber_5200-3196_191021-102741,fiber
346425,94,30,10.155,10.125,121,55.53,0.7,710.07,85.69,526,830,21.125,0.3,494,508,656,674,FALSE,MTB_20191021_Fiber,11 Fiber_5200-3196_191021-102741,fiber
346449,94,54,10.155,14.625,197,93.5,0.53,702.24,118.62,274,831,37.125,0.22,1002,1025,985,1011,FALSE,MTB_20191021_Fiber,11 Fiber_5200-3196_191021-102741,fiber
346608,97,45,10.482,12.875,166,85.7,0.53,744.21,89.74,481,831,26.375,0.34,584,593,858,883,FALSE,MTB_20191021_Fiber,11 Fiber_5200-3196_191021-102741,fiber
346612,97,49,10.482,10.375,125,83.74,0.47,763.19,51.16,622,831,35.125,0.15,943,971,918,935,FALSE,MTB_20191021_Fiber,11 Fiber_5200-3196_191021-102741,fiber
346802,101,20,10.919,16.875,240,122.05,0.45,737.88,68.12,510,831,55.875,0.16,967,1010,619,643,FALSE,MTB_20191021_Fiber,11 Fiber_5200-3196_191021-102741,fiber
346925,103,32,11.138,16.375,230,70.04,0.77,460.82,237.09,88,829,27.875,0.36,275,287,925,951,FALSE,MTB_20191021_Fiber,11 Fiber_5200-3196_191021-102741,fiber
347279,110,26,11.902,37.625,853,168.68,0.61,421.15,214.52,43,831,72.875,0.36,983,1018,525,581,FALSE,MTB_20191021_Fiber,11 Fiber_5200-3196_191021-102741,fiber
347300,110,47,11.902,14.875,200,95.81,0.52,724.47,87.13,470,830,25.125,0.85,1144,1168,902,924,FALSE,MTB_20191021_Fiber,11 Fiber_5200-3196_191021-102741,fiber
347348,111,34,12.011,29.875,578,200.07,0.43,671.87,131.8,307,831,58.625,0.47,405,438,829,871,FALSE,MTB_20191021_Fiber,11 Fiber_5200-3196_191021-102741,fiber
347351,111,37,12.011,37.125,828,317.46,0.32,690.83,137.15,261,851,102.125,0.3,1098,1176,869,911,FALSE,MTB_20191021_Fiber,11 Fiber_5200-3196_191021-102741,fiber
347460,113,24,12.23,15.125,208,91.43,0.56,674.25,122.06,343,831,31.625,0.4,30,45,535,563,FALSE,MTB_20191021_Fiber,11 Fiber_5200-3196_191021-102741,fiber
347463,113,27,12.23,12.875,164,80.6,0.56,751.37,73.77,575,830,28.125,0.49,977,996,612,635,FALSE,MTB_20191021_Fiber,11 Fiber_5200-3196_191021-102741,fiber
347470,113,34,12.23,13.375,176,68.6,0.69,716.69,104.26,464,831,25.625,0.36,693,715,735,749,FALSE,MTB_20191021_Fiber,11 Fiber_5200-3196_191021-102741,fiber
347540,114,39,12.339,10.875,133,61.7,0.66,669.8,140.27,340,831,25.125,0.28,1215,1239,866,875,FALSE,MTB_20191021_Fiber,11 Fiber_5200-3196_191021-102741,fiber
347553,114,52,12.339,10.875,132,59.63,0.68,657.39,139.95,354,831,20.625,0.37,321,340,974,986,FALSE,MTB_20191021_Fiber,11 Fiber_5200-3196_191021-102741,fiber
347610,115,54,12.448,32.125,655,157.51,0.58,596.78,191.28,74,950,50.125,0.57,144,186,951,979,FALSE,MTB_20191021_Fiber,11 Fiber_5200-3196_191021-102741,fiber
347652,116,36,12.557,12.375,157,78.36,0.57,723.18,104.73,406,831,33.125,0.22,893,922,684,696,FALSE,MTB_20191021_Fiber,11 Fiber_5200-3196_191021-102741,fiber
347672,116,56,12.557,33.375,697,159.2,0.59,613.67,184.6,95,923,50.125,0.58,1079,1122,937,967,FALSE,MTB_20191021_Fiber,11 Fiber_5200-3196_191021-102741,fiber
347708,117,29,12.666,19.875,303,103.74,0.59,652.83,142.14,286,831,39.125,0.33,858,874,601,635,FALSE,MTB_20191021_Fiber,11 Fiber_5200-3196_191021-102741,fiber
347738,117,59,12.666,28.375,535,185.99,0.44,687.58,137,253,893,61.875,0.51,138,189,970,993,FALSE,MTB_20191021_Fiber,11 Fiber_5200-3196_191021-102741,fiber
348048,123,8,13.322,19.625,300,117.33,0.52,648.32,158.15,294,831,49.375,0.31,289,325,373,399,FALSE,MTB_20191021_Fiber,11 Fiber_5200-3196_191021-102741,fiber
348060,123,20,13.322,10.625,131,77.25,0.53,778.05,43.42,657,831,34.875,0.17,46,72,600,619,FALSE,MTB_20191021_Fiber,11 Fiber_5200-3196_191021-102741,fiber
348141,124,51,13.431,16.375,230,118.5,0.45,734.63,74.12,530,831,57.125,0.15,541,589,878,892,FALSE,MTB_20191021_Fiber,11 Fiber_5200-3196_191021-102741,fiber
348144,124,54,13.431,14.875,203,88.6,0.57,681.84,144.76,239,831,35.375,0.33,267,298,907,920,FALSE,MTB_20191021_Fiber,11 Fiber_5200-3196_191021-102741,fiber
348483,130,44,14.086,14.625,196,95.57,0.52,724.75,85.93,483,831,40.375,0.31,1088,1124,963,975,FALSE,MTB_20191021_Fiber,11 Fiber_5200-3196_191021-102741,fiber
348518,131,32,14.195,12.125,153,63.94,0.69,541.08,210.19,151,831,24.625,0.32,65,88,727,739,FALSE,MTB_20191021_Fiber,11 Fiber_5200-3196_191021-102741,fiber
348524,131,38,14.195,20.125,308,151.37,0.41,709.8,121,262,831,59.125,0.27,473,521,845,874,FALSE,MTB_20191021_Fiber,11 Fiber_5200-3196_191021-102741,fiber
348540,131,54,14.195,14.625,199,120.81,0.41,769.13,57.59,586,831,46.625,0.23,205,245,933,949,FALSE,MTB_20191021_Fiber,11 Fiber_5200-3196_191021-102741,fiber
348689,134,30,14.523,32.625,670,130.64,0.7,359.12,274.41,13,830,41.375,0.93,672,708,559,592,FALSE,MTB_20191021_Fiber,11 Fiber_5200-3196_191021-102741,fiber
348711,134,52,14.523,31.375,630,151.02,0.59,407.42,272.32,39,831,73.125,0.25,761,799,949,1000,FALSE,MTB_20191021_Fiber,11 Fiber_5200-3196_191021-102741,fiber
348753,135,39,14.632,19.625,296,88.94,0.69,483.51,240.49,94,831,37.125,0.3,1008,1041,796,809,FALSE,MTB_20191021_Fiber,11 Fiber_5200-3196_191021-102741,fiber
348765,135,51,14.632,22.125,356,88.74,0.75,522.33,242.23,84,831,34.375,0.47,1012,1039,968,989,FALSE,MTB_20191021_Fiber,11 Fiber_5200-3196_191021-102741,fiber
348786,136,17,14.741,17.375,249,75.7,0.74,444.82,231.83,71,831,30.875,0.36,195,208,352,380,FALSE,MTB_20191021_Fiber,11 Fiber_5200-3196_191021-102741,fiber
348805,136,36,14.741,36.375,807,130.6,0.77,528.69,218.89,135,996,59.625,0.36,796,817,591,640,FALSE,MTB_20191021_Fiber,11 Fiber_5200-3196_191021-102741,fiber
348893,137,57,14.85,22.875,381,110.74,0.62,451.47,252.69,80,830,39.375,0.44,261,290,906,932,FALSE,MTB_20191021_Fiber,11 Fiber_5200-3196_191021-102741,fiber
348960,139,11,15.069,10.125,121,63.18,0.62,743.9,76.39,575,831,24.125,0.26,383,402,244,261,FALSE,MTB_20191021_Fiber,11 Fiber_5200-3196_191021-102741,fiber
348984,139,35,15.069,27.375,502,117.12,0.68,351.86,249.14,36,830,53.625,0.29,534,572,643,674,FALSE,MTB_20191021_Fiber,11 Fiber_5200-3196_191021-102741,fiber
349034,140,26,15.178,31.625,634,124.92,0.71,300.75,262.18,36,831,60.875,0.28,410,450,531,570,FALSE,MTB_20191021_Fiber,11 Fiber_5200-3196_191021-102741,fiber
349080,141,29,15.287,17.125,247,70.21,0.79,381.12,256.97,54,829,28.625,0.38,298,308,603,630,FALSE,MTB_20191021_Fiber,11 Fiber_5200-3196_191021-102741,fiber
349193,143,24,15.506,25.375,443,150.37,0.5,620.26,203.03,110,831,50.125,0.53,621,658,611,636,FALSE,MTB_20191021_Fiber,11 Fiber_5200-3196_191021-102741,fiber
349316,145,57,15.724,12.875,165,77.6,0.59,692.37,131.6,316,831,29.875,0.28,73,101,976,987,FALSE,MTB_20191021_Fiber,11 Fiber_5200-3196_191021-102741,fiber
349450,148,6,16.051,11.875,149,52.8,0.82,529.93,213.28,136,831,16.125,0.53,727,744,75,85,FALSE,MTB_20191021_Fiber,11 Fiber_5200-3196_191021-102741,fiber
349479,148,35,16.051,12.875,165,78.25,0.58,729.09,77.76,550,831,33.625,0.28,549,575,818,836,FALSE,MTB_20191021_Fiber,11 Fiber_5200-3196_191021-102741,fiber
349712,152,27,16.488,22.875,378,87.6,0.79,406.73,256.37,57,831,36.375,0.47,861,891,673,692,FALSE,MTB_20191021_Fiber,11 Fiber_5200-3196_191021-102741,fiber
349786,153,49,16.597,39.125,910,193.17,0.55,434.38,255.9,41,833,92.125,0.2,13,86,980,1001,FALSE,MTB_20191021_Fiber,11 Fiber_5200-3196_191021-102741,fiber
349820,154,31,16.707,17.375,248,128.57,0.43,757.89,58.74,581,831,51.375,0.26,1101,1116,661,705,FALSE,MTB_20191021_Fiber,11 Fiber_5200-3196_191021-102741,fiber
349920,156,18,16.925,26.625,483,122.3,0.64,526.46,208.9,115,831,50.875,0.34,1109,1151,365,390,FALSE,MTB_20191021_Fiber,11 Fiber_5200-3196_191021-102741,fiber
350002,157,38,17.034,32.625,671,129.98,0.71,299.26,264.25,14,830,56.875,0.34,652,700,788,808,FALSE,MTB_20191021_Fiber,11 Fiber_5200-3196_191021-102741,fiber
350051,158,29,17.143,17.875,260,99.4,0.58,703.79,128.37,263,831,37.625,0.31,238,267,480,500,FALSE,MTB_20191021_Fiber,11 Fiber_5200-3196_191021-102741,fiber
350154,159,51,17.253,13.125,169,91.6,0.5,756.39,64.17,558,831,33.125,0.32,1171,1201,928,940,FALSE,MTB_20191021_Fiber,11 Fiber_5200-3196_191021-102741,fiber
350285,161,59,17.471,13.875,182,106.01,0.45,763.34,64.03,576,831,43.875,0.17,429,467,1008,1017,FALSE,MTB_20191021_Fiber,11 Fiber_5200-3196_191021-102741,fiber
350341,162,54,17.58,28.375,529,116.15,0.7,461.22,211.31,89,830,49.625,0.39,824,864,849,869,FALSE,MTB_20191021_Fiber,11 Fiber_5200-3196_191021-102741,fiber
350364,163,9,17.689,16.125,226,92.15,0.58,668.36,156.83,258,831,28.375,0.39,1012,1034,57,80,FALSE,MTB_20191021_Fiber,11 Fiber_5200-3196_191021-102741,fiber
350399,163,44,17.689,12.625,161,73.43,0.61,719.82,109.82,341,831,26.125,0.33,17,38,879,899,FALSE,MTB_20191021_Fiber,11 Fiber_5200-3196_191021-102741,fiber
350499,165,23,17.908,20.625,319,86.01,0.74,403.83,251.29,25,829,32.875,0.45,143,172,423,439,FALSE,MTB_20191021_Fiber,11 Fiber_5200-3196_191021-102741,fiber
350549,166,16,18.017,15.875,222,69.21,0.76,434.87,245.54,86,831,27.625,0.37,819,845,431,441,FALSE,MTB_20191021_Fiber,11 Fiber_5200-3196_191021-102741,fiber
350753,170,9,18.454,12.125,153,71.01,0.62,732.58,102.41,400,831,21.125,0.46,974,986,376,396,FALSE,MTB_20191021_Fiber,11 Fiber_5200-3196_191021-102741,fiber
350761,170,17,18.454,17.875,260,128.47,0.44,733.91,66.64,561,831,54.875,0.23,1180,1207,504,544,FALSE,MTB_20191021_Fiber,11 Fiber_5200-3196_191021-102741,fiber
350824,171,30,18.563,17.625,257,79.36,0.72,670.61,133.71,290,832,27.125,0.55,1225,1250,668,684,FALSE,MTB_20191021_Fiber,11 Fiber_5200-3196_191021-102741,fiber
350858,172,14,18.672,14.625,195,72.28,0.68,542.02,234.47,109,830,26.125,0.42,61,86,357,369,FALSE,MTB_20191021_Fiber,11 Fiber_5200-3196_191021-102741,fiber
350971,174,18,18.891,14.625,197,73.94,0.67,547.98,216.21,109,827,19.625,0.87,96,115,439,456,FALSE,MTB_20191021_Fiber,11 Fiber_5200-3196_191021-102741,fiber
351037,175,40,19,21.375,337,140.85,0.46,567.21,215.84,73,831,33.375,0.72,570,598,864,893,FALSE,MTB_20191021_Fiber,11 Fiber_5200-3196_191021-102741,fiber
351104,176,50,19.109,22.625,374,104.33,0.66,756.1,84.75,470,899,37.375,0.6,597,623,987,1013,FALSE,MTB_20191021_Fiber,11 Fiber_5200-3196_191021-102741,fiber
351145,177,38,19.218,10.375,127,74.6,0.54,736.77,87.07,484,829,30.625,0.24,72,96,893,909,FALSE,MTB_20191021_Fiber,11 Fiber_5200-3196_191021-102741,fiber
351179,178,19,19.327,11.125,137,66.77,0.62,716.53,95.79,491,831,25.125,0.27,1204,1227,575,587,FALSE,MTB_20191021_Fiber,11 Fiber_5200-3196_191021-102741,fiber
351278,180,22,19.546,10.125,123,74.94,0.52,767.36,45.34,655,831,31.625,0.16,65,80,509,535,FALSE,MTB_20191021_Fiber,11 Fiber_5200-3196_191021-102741,fiber
351401,182,41,19.764,12.875,164,60.04,0.76,558.77,205.54,149,831,20.875,0.45,800,819,877,888,FALSE,MTB_20191021_Fiber,11 Fiber_5200-3196_191021-102741,fiber
351448,183,35,19.873,18.375,273,116.23,0.5,738.37,70.65,461,831,34.625,0.46,244,275,751,769,FALSE,MTB_20191021_Fiber,11 Fiber_5200-3196_191021-102741,fiber
351544,185,16,20.092,14.375,194,91.77,0.54,736.26,81.86,462,831,33.625,0.4,866,890,512,536,FALSE,MTB_20191021_Fiber,11 Fiber_5200-3196_191021-102741,fiber
351705,188,37,20.419,11.125,138,76.43,0.54,724.84,84.54,506,831,27.625,0.28,428,450,834,853,FALSE,MTB_20191021_Fiber,11 Fiber_5200-3196_191021-102741,fiber
351792,190,32,20.638,13.875,183,60.7,0.79,498.48,233.36,105,830,19.625,0.56,861,880,651,666,FALSE,MTB_20191021_Fiber,11 Fiber_5200-3196_191021-102741,fiber
351895,192,21,20.856,25.125,440,111.25,0.67,412.02,276.4,20,831,44.875,0.37,1088,1127,484,503,FALSE,MTB_20191021_Fiber,11 Fiber_5200-3196_191021-102741,fiber
351896,192,22,20.856,12.875,166,66.6,0.69,693.81,94.09,471,831,27.625,0.33,75,91,513,535,FALSE,MTB_20191021_Fiber,11 Fiber_5200-3196_191021-102741,fiber
352007,194,12,21.075,26.625,479,101.67,0.76,402.51,236.81,92,830,43.375,0.39,1190,1228,275,295,FALSE,MTB_20191021_Fiber,11 Fiber_5200-3196_191021-102741,fiber
352406,201,29,21.839,23.625,397,120.01,0.59,496.85,214.02,84,831,59.625,0.19,1149,1199,537,550,FALSE,MTB_20191021_Fiber,11 Fiber_5200-3196_191021-102741,fiber
352480,202,34,21.948,12.125,155,78.36,0.56,758.97,49.94,646,829,18.625,0.68,521,539,751,767,FALSE,MTB_20191021_Fiber,11 Fiber_5200-3196_191021-102741,fiber
352488,202,42,21.948,11.875,151,55.63,0.78,547.79,219.32,96,827,18.125,0.51,714,725,870,888,FALSE,MTB_20191021_Fiber,11 Fiber_5200-3196_191021-102741,fiber
352550,203,50,22.057,20.375,317,163.17,0.39,749.32,86.34,457,834,43.375,0.48,266,288,690,725,FALSE,MTB_20191021_Fiber,11 Fiber_5200-3196_191021-102741,fiber
352554,203,54,22.057,19.375,294,78.43,0.78,409.62,242.28,51,831,28.375,0.48,217,239,747,769,FALSE,MTB_20191021_Fiber,11 Fiber_5200-3196_191021-102741,fiber
352558,203,58,22.057,31.625,635,186.1,0.48,556.71,231.52,50,831,59.375,0.44,1046,1096,776,799,FALSE,MTB_20191021_Fiber,11 Fiber_5200-3196_191021-102741,fiber
352581,203,81,22.057,16.375,232,70.7,0.76,439.42,255.71,71,830,28.125,0.38,454,467,936,962,FALSE,MTB_20191021_Fiber,11 Fiber_5200-3196_191021-102741,fiber
352730,206,6,22.385,12.125,153,83.6,0.52,687.22,150.65,288,831,19.375,0.76,1214,1231,54,73,FALSE,MTB_20191021_Fiber,11 Fiber_5200-3196_191021-102741,fiber
352734,206,10,22.385,10.625,129,60.04,0.67,725.07,89.25,514,831,25.625,0.31,164,188,108,117,FALSE,MTB_20191021_Fiber,11 Fiber_5200-3196_191021-102741,fiber
352739,206,15,22.385,11.875,149,54.97,0.79,526.56,206.91,155,831,19.375,0.4,515,535,221,229,FALSE,MTB_20191021_Fiber,11 Fiber_5200-3196_191021-102741,fiber
352832,207,44,22.494,11.125,137,57.04,0.73,597.58,180.97,243,831,21.125,0.38,1046,1066,869,880,FALSE,MTB_20191021_Fiber,11 Fiber_5200-3196_191021-102741,fiber
352843,207,55,22.494,10.375,127,61.87,0.65,753.83,74.15,506,831,21.125,0.38,269,287,948,963,FALSE,MTB_20191021_Fiber,11 Fiber_5200-3196_191021-102741,fiber
352935,209,21,22.713,18.125,267,83.11,0.7,441.55,233.13,109,831,35.375,0.31,296,328,535,546,FALSE,MTB_20191021_Fiber,11 Fiber_5200-3196_191021-102741,fiber
352937,209,23,22.713,12.125,153,55.46,0.79,586.3,151.05,244,830,18.625,0.47,644,658,595,612,FALSE,MTB_20191021_Fiber,11 Fiber_5200-3196_191021-102741,fiber
352940,209,26,22.713,10.375,126,71.36,0.56,747.46,63.47,529,831,25.625,0.31,1104,1128,722,734,FALSE,MTB_20191021_Fiber,11 Fiber_5200-3196_191021-102741,fiber
353000,210,25,22.822,11.375,140,64.94,0.65,700.52,99.91,451,831,25.375,0.28,1134,1150,489,510,FALSE,MTB_20191021_Fiber,11 Fiber_5200-3196_191021-102741,fiber
353080,211,36,22.931,16.125,223,126.05,0.42,764.39,51.14,617,831,55.375,0.15,404,450,862,878,FALSE,MTB_20191021_Fiber,11 Fiber_5200-3196_191021-102741,fiber
353088,211,44,22.931,18.125,267,131.47,0.44,700.63,108.93,432,831,51.625,0.23,1220,1262,926,947,FALSE,MTB_20191021_Fiber,11 Fiber_5200-3196_191021-102741,fiber
353171,213,22,23.149,10.375,127,58.87,0.68,687.09,108.06,398,830,22.125,0.3,251,262,497,517,FALSE,MTB_20191021_Fiber,11 Fiber_5200-3196_191021-102741,fiber
353191,213,42,23.149,26.375,470,102.67,0.75,516.56,227.37,77,831,38.375,0.47,966,1000,930,948,FALSE,MTB_20191021_Fiber,11 Fiber_5200-3196_191021-102741,fiber
353276,215,19,23.368,10.375,126,63.11,0.63,777.63,49.75,624,834,18.625,0.42,849,860,442,460,FALSE,MTB_20191021_Fiber,11 Fiber_5200-3196_191021-102741,fiber
353310,215,53,23.368,13.875,182,64.46,0.74,505.56,226.76,147,831,19.875,0.58,1075,1088,947,966,FALSE,MTB_20191021_Fiber,11 Fiber_5200-3196_191021-102741,fiber
353326,216,8,23.477,16.375,230,124.88,0.43,773.1,51.57,589,836,45.125,0.31,1156,1192,122,144,FALSE,MTB_20191021_Fiber,11 Fiber_5200-3196_191021-102741,fiber
353549,219,49,23.804,47.375,1259,203.68,0.62,549.65,222.18,66,928,95.625,0.27,1051,1082,818,893,FALSE,MTB_20191021_Fiber,11 Fiber_5200-3196_191021-102741,fiber
353619,221,1,24.023,13.375,174,84.01,0.56,797.87,28.25,717,855,31.625,0.34,629,658,9,22,FALSE,MTB_20191021_Fiber,11 Fiber_5200-3196_191021-102741,fiber
353686,222,14,24.132,15.125,206,60.28,0.84,414.06,227.62,78,829,21.375,0.55,668,685,294,311,FALSE,MTB_20191021_Fiber,11 Fiber_5200-3196_191021-102741,fiber
353824,224,39,24.35,13.375,173,76.18,0.61,741.05,74.71,557,831,29.875,0.3,303,314,667,695,FALSE,MTB_20191021_Fiber,11 Fiber_5200-3196_191021-102741,fiber
354130,229,43,24.896,13.125,171,100.08,0.46,766.44,63.95,576,831,31.625,0.39,941,966,858,876,FALSE,MTB_20191021_Fiber,11 Fiber_5200-3196_191021-102741,fiber
354346,233,31,25.333,13.625,178,61.04,0.77,588.17,205.02,119,830,19.375,0.62,851,864,696,715,FALSE,MTB_20191021_Fiber,11 Fiber_5200-3196_191021-102741,fiber
354432,235,19,25.552,17.875,258,137.71,0.41,756.32,65.37,545,838,41.625,0.43,930,950,511,546,FALSE,MTB_20191021_Fiber,11 Fiber_5200-3196_191021-102741,fiber
354501,236,46,25.661,10.125,122,47.8,0.82,593.99,190.77,146,829,13.375,0.65,797,811,970,981,FALSE,MTB_20191021_Fiber,11 Fiber_5200-3196_191021-102741,fiber
354612,239,11,25.988,11.875,151,74.18,0.59,727.99,110.7,370,831,23.375,0.47,1243,1263,249,265,FALSE,MTB_20191021_Fiber,11 Fiber_5200-3196_191021-102741,fiber
354701,240,51,26.098,11.625,147,118.23,0.36,802.18,19.58,742,831,41.375,0.33,138,174,982,996,FALSE,MTB_20191021_Fiber,11 Fiber_5200-3196_191021-102741,fiber
354705,240,55,26.098,14.375,191,68.11,0.72,645.87,155.39,225,830,19.875,0.58,571,591,1002,1017,FALSE,MTB_20191021_Fiber,11 Fiber_5200-3196_191021-102741,fiber
354732,241,25,26.207,13.375,173,68.11,0.68,726.27,77.1,508,831,15.625,0.79,13,29,405,419,FALSE,MTB_20191021_Fiber,11 Fiber_5200-3196_191021-102741,fiber
354757,241,50,26.207,12.125,152,57.46,0.76,562.02,216.63,174,831,20.625,0.51,1117,1137,916,928,FALSE,MTB_20191021_Fiber,11 Fiber_5200-3196_191021-102741,fiber
354950,244,63,26.534,18.625,275,101.74,0.58,647.08,189.99,135,830,32.375,0.4,790,806,944,973,FALSE,MTB_20191021_Fiber,11 Fiber_5200-3196_191021-102741,fiber
354975,245,14,26.644,11.125,139,60.7,0.69,580.06,190.4,175,829,19.625,0.42,412,426,353,371,FALSE,MTB_20191021_Fiber,11 Fiber_5200-3196_191021-102741,fiber
355015,245,54,26.644,11.375,142,90.25,0.47,770.82,53.46,604,831,28.125,0.37,898,924,991,1004,FALSE,MTB_20191021_Fiber,11 Fiber_5200-3196_191021-102741,fiber
355020,246,2,26.753,24.125,414,107.25,0.67,480.2,262.68,59,831,43.375,0.39,1010,1048,48,65,FALSE,MTB_20191021_Fiber,11 Fiber_5200-3196_191021-102741,fiber
355069,246,51,26.753,14.875,201,86.84,0.58,617.25,184.21,211,831,25.875,0.48,522,547,973,990,FALSE,MTB_20191021_Fiber,11 Fiber_5200-3196_191021-102741,fiber
355298,250,46,27.19,35.375,770,138.51,0.71,455.61,237.45,71,980,45.375,0.8,16,49,930,967,FALSE,MTB_20191021_Fiber,11 Fiber_5200-3196_191021-102741,fiber
355302,250,50,27.19,41.875,1019,168.51,0.67,481.14,215.05,86,905,73.125,0.39,242,295,971,1011,FALSE,MTB_20191021_Fiber,11 Fiber_5200-3196_191021-102741,fiber
355304,250,52,27.19,14.875,203,94.01,0.54,691.62,116.54,400,831,37.375,0.29,1170,1203,996,1011,FALSE,MTB_20191021_Fiber,11 Fiber_5200-3196_191021-102741,fiber
355335,251,25,27.299,38.125,873,202.14,0.52,411.88,269.17,16,831,57.375,0.8,496,538,567,605,FALSE,MTB_20191021_Fiber,11 Fiber_5200-3196_191021-102741,fiber
355362,252,7,27.408,13.125,172,79.46,0.59,715.74,93.24,459,831,34.875,0.2,667,698,182,190,FALSE,MTB_20191021_Fiber,11 Fiber_5200-3196_191021-102741,fiber
355429,253,28,27.517,16.375,232,97.15,0.56,662.14,145.64,277,830,40.875,0.26,265,296,518,540,FALSE,MTB_20191021_Fiber,11 Fiber_5200-3196_191021-102741,fiber
355431,253,30,27.517,26.875,489,198.72,0.39,680.8,143.01,268,831,61.625,0.37,651,676,540,591,FALSE,MTB_20191021_Fiber,11 Fiber_5200-3196_191021-102741,fiber
355508,254,37,27.626,10.625,129,99.4,0.41,800.7,23.13,730,831,35.375,0.2,779,790,887,918,FALSE,MTB_20191021_Fiber,11 Fiber_5200-3196_191021-102741,fiber
355521,254,50,27.626,13.375,174,77.77,0.6,700.05,147.54,243,831,31.625,0.28,47,75,1004,1016,FALSE,MTB_20191021_Fiber,11 Fiber_5200-3196_191021-102741,fiber
355566,255,42,27.736,10.375,127,64.94,0.62,654.86,178.35,181,831,24.875,0.3,306,328,927,938,FALSE,MTB_20191021_Fiber,11 Fiber_5200-3196_191021-102741,fiber
355603,256,27,27.845,10.375,127,55.94,0.71,665.59,137.87,324,831,18.625,0.38,653,669,537,552,FALSE,MTB_20191021_Fiber,11 Fiber_5200-3196_191021-102741,fiber
355615,256,39,27.845,41.375,1003,214.58,0.52,552,232.76,57,921,80.625,0.35,526,592,894,929,FALSE,MTB_20191021_Fiber,11 Fiber_5200-3196_191021-102741,fiber
355648,257,15,27.954,16.125,224,88.94,0.6,621.02,146.26,235,830,28.125,0.54,442,463,526,550,FALSE,MTB_20191021_Fiber,11 Fiber_5200-3196_191021-102741,fiber
355706,258,29,28.063,14.875,203,67.67,0.75,483.21,213.04,85,830,23.125,0.5,94,114,826,843,FALSE,MTB_20191021_Fiber,11 Fiber_5200-3196_191021-102741,fiber
355766,259,51,28.172,13.875,183,79.74,0.6,676.72,105.42,436,830,30.125,0.42,685,713,985,999,FALSE,MTB_20191021_Fiber,11 Fiber_5200-3196_191021-102741,fiber
355986,264,12,28.718,12.625,160,61.21,0.73,701.54,120.52,389,835,23.625,0.33,603,613,366,389,FALSE,MTB_20191021_Fiber,11 Fiber_5200-3196_191021-102741,fiber
355990,264,16,28.718,23.625,401,93.77,0.76,365.32,233.73,54,831,41.125,0.34,700,735,483,499,FALSE,MTB_20191021_Fiber,11 Fiber_5200-3196_191021-102741,fiber
356013,264,39,28.718,36.875,822,141.47,0.72,482.99,237.9,44,918,44.625,0.94,868,906,854,890,FALSE,MTB_20191021_Fiber,11 Fiber_5200-3196_191021-102741,fiber
356037,264,63,28.718,15.375,211,68.28,0.75,482.11,270.76,59,830,19.125,0.78,729,746,990,1007,FALSE,MTB_20191021_Fiber,11 Fiber_5200-3196_191021-102741,fiber
356045,265,6,28.828,13.125,170,59.94,0.77,506.48,228.72,128,831,19.375,0.5,970,983,138,157,FALSE,MTB_20191021_Fiber,11 Fiber_5200-3196_191021-102741,fiber
356059,265,20,28.828,21.375,342,118.81,0.55,751.48,71.83,526,892,28.625,0.8,1068,1094,453,476,FALSE,MTB_20191021_Fiber,11 Fiber_5200-3196_191021-102741,fiber
356068,265,29,28.828,22.875,377,130.81,0.53,649.49,149.12,262,831,57.125,0.22,358,406,564,583,FALSE,MTB_20191021_Fiber,11 Fiber_5200-3196_191021-102741,fiber
356085,265,46,28.828,25.125,441,93.67,0.79,442.16,209.34,109,831,40.375,0.45,880,904,880,910,FALSE,MTB_20191021_Fiber,11 Fiber_5200-3196_191021-102741,fiber
356155,266,54,28.937,16.625,234,102.74,0.53,742.65,69.97,556,831,29.375,0.56,335,357,805,831,FALSE,MTB_20191021_Fiber,11 Fiber_5200-3196_191021-102741,fiber
356173,266,72,28.937,10.875,134,70.7,0.58,703.46,107.35,411,831,30.125,0.22,134,162,979,987,FALSE,MTB_20191021_Fiber,11 Fiber_5200-3196_191021-102741,fiber
356203,267,22,29.046,22.125,356,87.15,0.77,629.1,148.78,197,831,32.125,0.48,1080,1106,511,534,FALSE,MTB_20191021_Fiber,11 Fiber_5200-3196_191021-102741,fiber
356228,267,47,29.046,64.625,2160,353.36,0.47,364.71,266.54,0,831,89.125,0.83,735,803,863,935,FALSE,MTB_20191021_Fiber,11 Fiber_5200-3196_191021-102741,fiber
356233,267,52,29.046,15.875,222,122.47,0.43,762.3,62.19,557,831,60.375,0.17,393,436,911,940,FALSE,MTB_20191021_Fiber,11 Fiber_5200-3196_191021-102741,fiber
356315,268,71,29.155,14.625,196,78.25,0.63,637.67,181.44,201,831,31.125,0.31,861,882,970,994,FALSE,MTB_20191021_Fiber,11 Fiber_5200-3196_191021-102741,fiber
356353,269,34,29.264,12.375,156,56.28,0.79,556.01,192.37,215,827,17.375,0.56,1205,1222,636,649,FALSE,MTB_20191021_Fiber,11 Fiber_5200-3196_191021-102741,fiber
356365,269,46,29.264,11.875,148,88.84,0.49,768.91,44.65,656,831,29.875,0.37,921,948,832,846,FALSE,MTB_20191021_Fiber,11 Fiber_5200-3196_191021-102741,fiber
356418,270,29,29.374,10.375,127,77.11,0.52,767.56,48.4,619,831,27.125,0.46,1216,1228,599,624,FALSE,MTB_20191021_Fiber,11 Fiber_5200-3196_191021-102741,fiber
356434,270,45,29.374,13.375,174,64.53,0.72,544.37,236.97,90,831,20.875,0.56,882,903,901,914,FALSE,MTB_20191021_Fiber,11 Fiber_5200-3196_191021-102741,fiber
356509,271,56,29.483,15.625,214,90.91,0.57,657.64,171.09,216,831,24.875,0.66,26,44,993,1015,FALSE,MTB_20191021_Fiber,11 Fiber_5200-3196_191021-102741,fiber
356577,273,8,29.701,14.625,197,82.6,0.6,674.6,138.13,298,830,29.875,0.33,1232,1259,317,331,FALSE,MTB_20191021_Fiber,11 Fiber_5200-3196_191021-102741,fiber
356586,273,17,29.701,18.375,273,120.23,0.49,738.72,92.12,407,830,44.625,0.29,362,394,530,557,FALSE,MTB_20191021_Fiber,11 Fiber_5200-3196_191021-102741,fiber
356608,273,39,29.701,10.875,133,67.7,0.6,670.17,153.15,293,831,21.125,0.58,580,596,840,857,FALSE,MTB_20191021_Fiber,11 Fiber_5200-3196_191021-102741,fiber
356619,273,50,29.701,26.375,474,110.67,0.7,402.1,252.43,57,829,54.125,0.29,861,880,965,1009,FALSE,MTB_20191021_Fiber,11 Fiber_5200-3196_191021-102741,fiber
356668,274,46,29.81,13.625,177,110.5,0.43,785.2,33.23,684,831,54.125,0.11,639,681,835,855,FALSE,MTB_20191021_Fiber,11 Fiber_5200-3196_191021-102741,fiber
356741,275,54,29.92,18.625,274,71.21,0.82,408.38,242.5,70,829,26.125,0.55,525,550,851,864,FALSE,MTB_20191021_Fiber,11 Fiber_5200-3196_191021-102741,fiber
356846,277,41,30.138,15.125,205,116.74,0.43,757.35,78.41,435,831,41.625,0.32,178,202,824,855,FALSE,MTB_20191021_Fiber,11 Fiber_5200-3196_191021-102741,fiber
356849,277,44,30.138,27.875,516,121.64,0.66,400.18,259.52,23,831,54.125,0.3,440,475,851,885,FALSE,MTB_20191021_Fiber,11 Fiber_5200-3196_191021-102741,fiber
356885,278,16,30.247,12.875,167,87.67,0.52,634.15,195.69,178,831,29.875,0.46,53,75,285,304,FALSE,MTB_20191021_Fiber,11 Fiber_5200-3196_191021-102741,fiber
356919,278,50,30.247,69.875,2495,444.63,0.4,469.84,286.1,24,858,119.625,0.5,1121,1216,951,1017,FALSE,MTB_20191021_Fiber,11 Fiber_5200-3196_191021-102741,fiber
356968,279,41,30.356,21.625,347,101.6,0.65,477.25,216.48,131,831,47.875,0.25,886,926,775,790,FALSE,MTB_20191021_Fiber,11 Fiber_5200-3196_191021-102741,fiber
356977,279,50,30.356,10.625,130,75.11,0.54,770.52,47.18,626,831,30.125,0.28,749,776,868,879,FALSE,MTB_20191021_Fiber,11 Fiber_5200-3196_191021-102741,fiber
357033,280,38,30.466,11.375,143,54.8,0.77,623.96,150.78,293,829,19.625,0.43,479,490,832,850,FALSE,MTB_20191021_Fiber,11 Fiber_5200-3196_191021-102741,fiber
357060,281,12,30.575,10.375,127,54.38,0.73,667.57,146.6,300,831,15.625,0.69,1057,1072,281,294,FALSE,MTB_20191021_Fiber,11 Fiber_5200-3196_191021-102741,fiber
357130,282,29,30.684,19.875,302,83.53,0.74,429.89,248.14,64,831,30.375,0.53,427,453,541,560,FALSE,MTB_20191021_Fiber,11 Fiber_5200-3196_191021-102741,fiber
357185,283,12,30.793,14.125,188,116.23,0.42,782.06,38.78,646,831,42.875,0.34,57,86,280,306,FALSE,MTB_20191021_Fiber,11 Fiber_5200-3196_191021-102741,fiber
357192,283,19,30.793,23.625,397,123.88,0.57,741.43,88.43,421,856,35.625,0.59,853,874,428,460,FALSE,MTB_20191021_Fiber,11 Fiber_5200-3196_191021-102741,fiber
357207,283,34,30.793,67.625,2351,534.9,0.32,403.2,242.08,53,831,289.875,0.17,703,813,778,973,FALSE,MTB_20191021_Fiber,11 Fiber_5200-3196_191021-102741,fiber
357236,283,63,30.793,13.125,172,86.57,0.54,677.67,143.8,321,831,22.625,0.51,39,61,1003,1022,FALSE,MTB_20191021_Fiber,11 Fiber_5200-3196_191021-102741,fiber
357285,284,46,30.902,36.625,811,185.34,0.54,508.91,207.81,110,932,78.875,0.27,98,161,893,923,FALSE,MTB_20191021_Fiber,11 Fiber_5200-3196_191021-102741,fiber
357450,287,42,31.23,11.375,141,68.11,0.62,689.21,101.92,444,831,27.125,0.28,309,335,916,924,FALSE,MTB_20191021_Fiber,11 Fiber_5200-3196_191021-102741,fiber
357502,288,37,31.339,27.375,500,129.23,0.61,455.31,269.58,44,831,48.125,0.45,1228,1266,766,788,FALSE,MTB_20191021_Fiber,11 Fiber_5200-3196_191021-102741,fiber
357510,288,45,31.339,13.875,182,104.91,0.46,766.65,57.53,603,831,44.625,0.25,1200,1239,833,845,FALSE,MTB_20191021_Fiber,11 Fiber_5200-3196_191021-102741,fiber
357543,289,18,31.448,11.625,146,67.53,0.63,638.05,202.02,198,831,22.125,0.39,1125,1146,501,514,FALSE,MTB_20191021_Fiber,11 Fiber_5200-3196_191021-102741,fiber
357619,290,30,31.557,17.125,243,64.94,0.85,460.31,226.55,105,831,19.375,0.78,456,473,496,516,FALSE,MTB_20191021_Fiber,11 Fiber_5200-3196_191021-102741,fiber
357623,290,34,31.557,11.875,150,119.23,0.36,807.49,17.76,759,831,45.375,0.19,380,419,594,604,FALSE,MTB_20191021_Fiber,11 Fiber_5200-3196_191021-102741,fiber
357674,291,15,31.667,12.875,166,73.6,0.62,663.98,162.43,190,831,28.625,0.33,365,389,415,429,FALSE,MTB_20191021_Fiber,11 Fiber_5200-3196_191021-102741,fiber
357699,291,40,31.667,19.625,300,157.44,0.39,788.32,36.94,657,841,58.875,0.27,121,169,836,861,FALSE,MTB_20191021_Fiber,11 Fiber_5200-3196_191021-102741,fiber
357840,294,16,31.994,10.125,121,56.36,0.69,739.34,81.67,543,831,17.625,0.43,914,928,473,487,FALSE,MTB_20191021_Fiber,11 Fiber_5200-3196_191021-102741,fiber
357848,294,24,31.994,20.125,308,96.47,0.64,533.09,199.45,130,831,46.625,0.21,78,108,639,669,FALSE,MTB_20191021_Fiber,11 Fiber_5200-3196_191021-102741,fiber
357911,295,34,32.103,15.875,220,96.36,0.55,720.84,71.28,575,831,43.125,0.18,274,312,649,658,FALSE,MTB_20191021_Fiber,11 Fiber_5200-3196_191021-102741,fiber
357931,295,54,32.103,12.875,167,65.36,0.7,719.34,86.08,516,831,24.625,0.32,278,295,992,1013,FALSE,MTB_20191021_Fiber,11 Fiber_5200-3196_191021-102741,fiber
357933,295,56,32.103,10.125,122,48.14,0.81,593.03,193.58,191,831,16.375,0.43,333,350,1005,1013,FALSE,MTB_20191021_Fiber,11 Fiber_5200-3196_191021-102741,fiber
358002,297,9,32.322,22.875,380,91.6,0.75,399.58,257.99,47,831,34.125,0.51,228,258,229,246,FALSE,MTB_20191021_Fiber,11 Fiber_5200-3196_191021-102741,fiber
358033,297,40,32.322,13.375,176,88.74,0.53,684.93,155.17,264,831,40.375,0.17,238,270,838,857,FALSE,MTB_20191021_Fiber,11 Fiber_5200-3196_191021-102741,fiber
358037,297,44,32.322,17.625,256,124.05,0.46,733.83,92.45,436,831,40.375,0.36,132,152,850,884,FALSE,MTB_20191021_Fiber,11 Fiber_5200-3196_191021-102741,fiber
358038,297,45,32.322,19.875,301,107.33,0.57,563.21,186.6,140,831,43.375,0.28,68,106,887,901,FALSE,MTB_20191021_Fiber,11 Fiber_5200-3196_191021-102741,fiber
358135,299,29,32.54,19.625,299,87.01,0.7,435.11,249.29,53,830,31.375,0.5,531,560,468,484,FALSE,MTB_20191021_Fiber,11 Fiber_5200-3196_191021-102741,fiber
358208,300,52,32.649,11.125,139,75.25,0.56,739.67,71.39,545,831,34.625,0.17,91,112,981,1005,FALSE,MTB_20191021_Fiber,11 Fiber_5200-3196_191021-102741,fiber
358258,302,2,32.868,21.875,349,85.18,0.78,427.84,260.17,51,831,30.625,0.49,308,336,4,19,FALSE,MTB_20191021_Fiber,11 Fiber_5200-3196_191021-102741,fiber
358278,302,22,32.868,25.875,462,105.4,0.72,599.4,180.35,187,899,32.375,0.75,1240,1268,501,525,FALSE,MTB_20191021_Fiber,11 Fiber_5200-3196_191021-102741,fiber
358328,303,28,32.977,21.375,341,131.81,0.5,651.88,154.69,151,831,48.375,0.33,351,368,864,906,FALSE,MTB_20191021_Fiber,11 Fiber_5200-3196_191021-102741,fiber
358461,305,54,33.195,31.375,624,134.37,0.66,356.35,273.16,6,831,50.375,0.5,385,416,960,995,FALSE,MTB_20191021_Fiber,11 Fiber_5200-3196_191021-102741,fiber
358559,307,37,33.414,11.625,147,78.6,0.55,737.23,87.19,443,831,23.375,0.54,155,169,827,850,FALSE,MTB_20191021_Fiber,11 Fiber_5200-3196_191021-102741,fiber
358562,307,40,33.414,36.125,792,125.77,0.79,640.68,197.51,128,983,56.125,0.4,698,745,882,903,FALSE,MTB_20191021_Fiber,11 Fiber_5200-3196_191021-102741,fiber
358588,308,10,33.523,28.625,541,96.4,0.86,492.9,217.5,108,912,39.375,0.54,589,622,357,382,FALSE,MTB_20191021_Fiber,11 Fiber_5200-3196_191021-102741,fiber
358688,309,59,33.632,14.875,203,66.01,0.77,493.92,233.94,59,830,26.125,0.37,753,772,951,971,FALSE,MTB_20191021_Fiber,11 Fiber_5200-3196_191021-102741,fiber
358782,311,19,33.851,17.625,256,95.53,0.59,590.93,192.37,185,831,45.375,0.19,105,118,290,328,FALSE,MTB_20191021_Fiber,11 Fiber_5200-3196_191021-102741,fiber
358805,311,42,33.851,23.625,396,105.98,0.67,400.77,272.14,37,831,37.125,0.57,107,137,841,864,FALSE,MTB_20191021_Fiber,11 Fiber_5200-3196_191021-102741,fiber
